id,picture_name
265,1_original_heavy_noise.png
265,4_right_lighter_heavy_noise.png
265,3_original.png
265,2_original_heavy_noise.png
265,3_left_darker_light_noise.png
265,2_right_darker_light_noise.png
265,4_right_darker.png
265,3_right_darker.png
265,4_original_heavy_noise.png
265,4_original_lighter_heavy_noise.png
265,2_left_lighter.png
265,3_original_heavy_noise.png
265,Belgica-2009_original_left_lighter.png
265,2_left_darker_light_noise.png
265,4_left.png
265,2_original_lighter.png
265,1_original_light_noise.png
265,Belgica-2009_original_right_heavy_noise.png
265,2_right_darker.png
265,2_right.png
265,2_original_darker.png
265,2_original_darker_light_noise.png
265,2_left_darker.png
265,3_right_darker_light_noise.png
265,Belgica-2009_original_original_lighter.png
265,2_original.png
265,Belgica-2009_original_right_lighter.png
265,4_right.png
265,2_original_lighter_heavy_noise.png
265,1_right_darker_light_noise.png
265,1_right_lighter_light_noise.png
265,1_right_darker.png
265,4_right_darker_light_noise.png
265,3_original_darker.png
265,Belgica-2009_original_left_darker_heavy_noise.png
265,3_original_lighter.png
265,4_right_heavy_noise.png
265,4_original_darker.png
265,Belgica-2009_original_original_lighter_heavy_noise.png
265,4_left_darker.png
265,Belgica-2009_original_left_heavy_noise.png
265,3_right_lighter_heavy_noise.png
265,1_left_lighter.png
265,1_right_lighter.png
265,Belgica-2009_original_right_light_noise.png
265,Belgica-2009_original_left_darker_light_noise.png
265,1_left_darker_light_noise.png
265,3_original_darker_light_noise.png
265,Belgica-2009_original_right_darker_heavy_noise.png
265,4_right_lighter_light_noise.png
265,1_original_lighter_heavy_noise.png
265,4_left_lighter_heavy_noise.png
265,1_original.png
265,3_left.png
265,2_left_light_noise.png
265,1_right_heavy_noise.png
265,Belgica-2009_original_original.png
265,1_original_lighter_light_noise.png
265,3_right.png
265,1_left_heavy_noise.png
265,4_original_lighter.png
265,1_left_lighter_light_noise.png
265,2_right_lighter_light_noise.png
265,3_original_lighter_light_noise.png
265,3_right_lighter.png
265,4_original_darker_light_noise.png
265,2_original_lighter_light_noise.png
265,2_left_lighter_light_noise.png
265,2_left_darker_heavy_noise.png
265,4_left_lighter_light_noise.png
265,2_right_light_noise.png
265,3_right_heavy_noise.png
265,Belgica-2009_original_left_lighter_light_noise.png
265,1_left_lighter_heavy_noise.png
265,Belgica-2009_original_original_heavy_noise.png
265,3_left_lighter_light_noise.png
265,1_right_light_noise.png
265,4_original_light_noise.png
265,4_left_lighter.png
265,Belgica-2009_original_original_darker.png
265,3_original_lighter_heavy_noise.png
265,3_original_light_noise.png
265,4_right_darker_heavy_noise.png
265,3_left_darker_heavy_noise.png
265,3_left_darker.png
265,Belgica-2009_original_right.png
265,2_right_lighter_heavy_noise.png
265,2_left_lighter_heavy_noise.png
265,1_right_lighter_heavy_noise.png
265,Belgica-2009_original_right_lighter_light_noise.png
265,1_original_lighter.png
265,2_left_heavy_noise.png
265,3_left_lighter.png
265,Belgica-2009_original_left_darker.png
265,4_left_darker_light_noise.png
265,4_right_light_noise.png
265,Belgica-2009_original_right_darker.png
265,3_right_darker_heavy_noise.png
265,2_left.png
265,3_right_light_noise.png
265,3_right_lighter_light_noise.png
265,1_original_darker_heavy_noise.png
265,Belgica-2009_original_original_light_noise.png
265,4_left_darker_heavy_noise.png
265,1_left_darker_heavy_noise.png
265,1_original_darker_light_noise.png
265,3_original_darker_heavy_noise.png
265,4_left_light_noise.png
265,2_right_lighter.png
265,4_original_lighter_light_noise.png
265,2_original_darker_heavy_noise.png
265,1_right_darker_heavy_noise.png
265,3_left_light_noise.png
265,2_original_light_noise.png
265,4_right_lighter.png
265,4_original_darker_heavy_noise.png
265,Belgica-2009_original_left.png
265,1_right.png
265,Belgica-2009_original_right_darker_light_noise.png
265,Belgica-2009_original_right_lighter_heavy_noise.png
265,1_left_light_noise.png
265,3_left_heavy_noise.png
265,Belgica-2009_original_left_lighter_heavy_noise.png
265,4_original.png
265,Belgica-2009_original_left_light_noise.png
265,Belgica-2009_original_original_darker_light_noise.png
265,2_right_darker_heavy_noise.png
265,1_left.png
265,Belgica-2009_original_original_lighter_light_noise.png
265,2_right_heavy_noise.png
265,1_original_darker.png
265,3_left_lighter_heavy_noise.png
265,4_left_heavy_noise.png
265,Belgica-2009_original_original_darker_heavy_noise.png
265,1_left_darker.png
